{"cameraMode":{"drawMode":0,"name":"Shaded","section":"Shading Mode"},"sceneLighting":true,"audioPlay":false,"sceneViewState":{"showFog":true,"showMaterialUpdate":false,"showSkybox":true,"showFlares":true,"showImageEffects":true,"showParticleSystems":true},"in2DMode":false,"pivot":{"x":242.9913330078125,"y":5.08085823059082,"z":268.5998229980469},"rotation":{"x":0.004734707996249199,"y":-0.9593838453292847,"z":0.01612900383770466,"w":0.28170934319496157},"size":1.8525769710540772,"orthographic":false}