{"cameraMode":{"drawMode":0,"name":"Shaded","section":"Shading Mode"},"sceneLighting":true,"audioPlay":false,"sceneViewState":{"showFog":true,"showMaterialUpdate":true,"showSkybox":true,"showFlares":true,"showImageEffects":true,"showParticleSystems":true},"in2DMode":false,"pivot":{"x":236.64312744140626,"y":5.90695858001709,"z":259.1291809082031},"rotation":{"x":0.019303487613797189,"y":0.9508095979690552,"z":0.06055733561515808,"w":-0.3032119870185852},"size":4.834062576293945,"orthographic":false}